"","PopSizes","Site","Lambda","Year","Type"
"1",0.015,"Crystal Cove",1.27648146514074,1,"NOEC"
"2",0.699892196644653,"Crystal Cove",1.27648146514074,2,"NOEC"
"3",0.36736343129769,"Crystal Cove",1.27648146514074,3,"NOEC"
"4",0.05280845407814,"Crystal Cove",1.27648146514074,4,"NOEC"
"5",1.44761398181365,"Crystal Cove",1.27648146514074,5,"NOEC"
"6",0.844287002740336,"Crystal Cove",1.27648146514074,6,"NOEC"
"7",0.159206762966263,"Crystal Cove",1.27648146514074,7,"NOEC"
"8",2.99712860232554,"Crystal Cove",1.27648146514074,8,"NOEC"
"9",1.92075079628001,"Crystal Cove",1.27648146514074,9,"NOEC"
"10",0.442824804803345,"Crystal Cove",1.27648146514074,10,"NOEC"
"11",6.21196485645214,"Crystal Cove",1.27648146514074,11,"NOEC"
"12",4.33362900955968,"Crystal Cove",1.27648146514074,12,"NOEC"
"13",1.17168753381613,"Crystal Cove",1.27648146514074,13,"NOEC"
"14",12.8902592576717,"Crystal Cove",1.27648146514074,14,"NOEC"
"15",9.71067267279126,"Crystal Cove",1.27648146514074,15,"NOEC"
"16",2.9957766861988,"Crystal Cove",1.27648146514074,16,"NOEC"
"17",26.7817577396379,"Crystal Cove",1.27648146514074,17,"NOEC"
"18",21.634350814748,"Crystal Cove",1.27648146514074,18,"NOEC"
"19",7.46964193025401,"Crystal Cove",1.27648146514074,19,"NOEC"
"20",55.7178400538975,"Crystal Cove",1.27648146514074,20,"NOEC"
"21",47.9641530917469,"Crystal Cove",1.27648146514074,21,"NOEC"
"22",18.2691222556174,"Crystal Cove",1.27648146514074,22,"NOEC"
"23",116.079942268317,"Crystal Cove",1.27648146514074,23,"NOEC"
"24",105.895256288256,"Crystal Cove",1.27648146514074,24,"NOEC"
"25",44.0033655235266,"Crystal Cove",1.27648146514074,25,"NOEC"
"26",242.188971622585,"Crystal Cove",1.27648146514074,26,"NOEC"
"27",232.957336626069,"Crystal Cove",1.27648146514074,27,"NOEC"
"28",104.672623666173,"Crystal Cove",1.27648146514074,28,"NOEC"
"29",506.067764450658,"Crystal Cove",1.27648146514074,29,"NOEC"
"30",510.889941988427,"Crystal Cove",1.27648146514074,30,"NOEC"
"31",246.416279137759,"Crystal Cove",1.27648146514074,31,"NOEC"
"32",1059.10505661009,"Crystal Cove",1.27648146514074,32,"NOEC"
"33",1117.39585742432,"Crystal Cove",1.27648146514074,33,"NOEC"
"34",575.028847111782,"Crystal Cove",1.27648146514074,34,"NOEC"
"35",2220.03721916441,"Crystal Cove",1.27648146514074,35,"NOEC"
"36",2438.18545479646,"Crystal Cove",1.27648146514074,36,"NOEC"
"37",1331.79637038377,"Crystal Cove",1.27648146514074,37,"NOEC"
"38",4661.04015027688,"Crystal Cove",1.27648146514074,38,"NOEC"
"39",5309.2881978208,"Crystal Cove",1.27648146514074,39,"NOEC"
"40",3064.42404443033,"Crystal Cove",1.27648146514074,40,"NOEC"
"41",9801.96187932036,"Crystal Cove",1.27648146514074,41,"NOEC"
"42",11540.5962600515,"Crystal Cove",1.27648146514074,42,"NOEC"
"43",7010.94556033252,"Crystal Cove",1.27648146514074,43,"NOEC"
"44",20646.7946147112,"Crystal Cove",1.27648146514074,44,"NOEC"
"45",25046.1335178454,"Crystal Cove",1.27648146514074,45,"NOEC"
"46",15959.2827885995,"Crystal Cove",1.27648146514074,46,"NOEC"
"47",43561.154519509,"Crystal Cove",1.27648146514074,47,"NOEC"
"48",54282.4860162278,"Crystal Cove",1.27648146514074,48,"NOEC"
"49",36166.2858676513,"Crystal Cove",1.27648146514074,49,"NOEC"
"50",92054.8785306282,"Crystal Cove",1.27648146514074,50,"NOEC"
"51",117506.346220129,"Crystal Cove",1.27648146514074,51,"NOEC"
"52",0.00156739812,"Dana Point",1.4968414187601,1,"NOEC"
"53",0.0739431483098063,"Dana Point",1.4968414187601,2,"NOEC"
"54",0.0766081755185501,"Dana Point",1.4968414187601,3,"NOEC"
"55",0.0473403928630577,"Dana Point",1.4968414187601,4,"NOEC"
"56",0.17986283066078,"Dana Point",1.4968414187601,5,"NOEC"
"57",0.261660005679318,"Dana Point",1.4968414187601,6,"NOEC"
"58",0.248348646850542,"Dana Point",1.4968414187601,7,"NOEC"
"59",0.514191432874173,"Dana Point",1.4968414187601,8,"NOEC"
"60",0.836061877329154,"Dana Point",1.4968414187601,9,"NOEC"
"61",0.993899239938786,"Dana Point",1.4968414187601,10,"NOEC"
"62",1.63343052281087,"Dana Point",1.4968414187601,11,"NOEC"
"63",2.66591948754512,"Dana Point",1.4968414187601,12,"NOEC"
"64",3.58610564812269,"Dana Point",1.4968414187601,13,"NOEC"
"65",5.4357801709325,"Dana Point",1.4968414187601,14,"NOEC"
"66",8.63159367973718,"Dana Point",1.4968414187601,15,"NOEC"
"67",12.370641683508,"Dana Point",1.4968414187601,16,"NOEC"
"68",18.3407704563443,"Dana Point",1.4968414187601,17,"NOEC"
"69",28.3736260124533,"Dana Point",1.4968414187601,18,"NOEC"
"70",41.8666644037459,"Dana Point",1.4968414187601,19,"NOEC"
"71",61.9564464354354,"Dana Point",1.4968414187601,20,"NOEC"
"72",94.2290236231546,"Dana Point",1.4968414187601,21,"NOEC"
"73",140.656884855674,"Dana Point",1.4968414187601,22,"NOEC"
"74",208.849041365103,"Dana Point",1.4968414187601,23,"NOEC"
"75",314.714994405487,"Dana Point",1.4968414187601,24,"NOEC"
"76",471.485221208679,"Dana Point",1.4968414187601,25,"NOEC"
"77",702.48074842511,"Dana Point",1.4968414187601,26,"NOEC"
"78",1053.96299205843,"Dana Point",1.4968414187601,27,"NOEC"
"79",1579.87170084893,"Dana Point",1.4968414187601,28,"NOEC"
"80",2359.39264597114,"Dana Point",1.4968414187601,29,"NOEC"
"81",3533.59199251248,"Dana Point",1.4968414187601,30,"NOEC"
"82",5295.00914963037,"Dana Point",1.4968414187601,31,"NOEC"
"83",7917.92216413747,"Dana Point",1.4968414187601,32,"NOEC"
"84",11851.3802434708,"Dana Point",1.4968414187601,33,"NOEC"
"85",17751.2864367549,"Dana Point",1.4968414187601,34,"NOEC"
"86",26561.3318031384,"Dana Point",1.4968414187601,35,"NOEC"
"87",39751.5967574191,"Dana Point",1.4968414187601,36,"NOEC"
"88",59522.1345489148,"Dana Point",1.4968414187601,37,"NOEC"
"89",89087.2161255908,"Dana Point",1.4968414187601,38,"NOEC"
"90",133331.415566444,"Dana Point",1.4968414187601,39,"NOEC"
"91",199607.50311575,"Dana Point",1.4968414187601,40,"NOEC"
"92",298782.453959014,"Dana Point",1.4968414187601,41,"NOEC"
"93",447193.727715188,"Dana Point",1.4968414187601,42,"NOEC"
"94",669422.286517221,"Dana Point",1.4968414187601,43,"NOEC"
"95",1002047.90668112,"Dana Point",1.4968414187601,44,"NOEC"
"96",1499848.68766855,"Dana Point",1.4968414187601,45,"NOEC"
"97",2245093.38176901,"Dana Point",1.4968414187601,46,"NOEC"
"98",3360641.65634567,"Dana Point",1.4968414187601,47,"NOEC"
"99",5030281.14985644,"Dana Point",1.4968414187601,48,"NOEC"
"100",7529614.07696117,"Dana Point",1.4968414187601,49,"NOEC"
"101",11270876.5147023,"Dana Point",1.4968414187601,50,"NOEC"
"102",16870714.7929369,"Dana Point",1.4968414187601,51,"NOEC"
"103",0.113963039,"Old Stairs",1.49427465537211,1,"NOEC"
"104",5.37563654963,"Old Stairs",1.49427465537211,2,"NOEC"
"105",5.5388886029975,"Old Stairs",1.49427465537211,3,"NOEC"
"106",3.39236919286166,"Old Stairs",1.49427465537211,4,"NOEC"
"107",13.0281612872822,"Old Stairs",1.49427465537211,5,"NOEC"
"108",18.8574906333137,"Old Stairs",1.49427465537211,6,"NOEC"
"109",17.7501129365147,"Old Stairs",1.49427465537211,7,"NOEC"
"110",37.0057431761435,"Old Stairs",1.49427465537211,8,"NOEC"
"111",60.0123174210405,"Old Stairs",1.49427465537211,9,"NOEC"
"112",70.8406025900895,"Old Stairs",1.49427465537211,10,"NOEC"
"113",116.753469622018,"Old Stairs",1.49427465537211,11,"NOEC"
"114",190.405936441651,"Old Stairs",1.49427465537211,12,"NOEC"
"115",254.735805631833,"Old Stairs",1.49427465537211,13,"NOEC"
"116",386.161130343713,"Old Stairs",1.49427465537211,14,"NOEC"
"117",613.081255034322,"Old Stairs",1.49427465537211,15,"NOEC"
"118",875.192966777966,"Old Stairs",1.49427465537211,16,"NOEC"
"119",1295.83888088786,"Old Stairs",1.49427465537211,17,"NOEC"
"120",2003.93629287137,"Old Stairs",1.49427465537211,18,"NOEC"
"121",2948.5112375418,"Old Stairs",1.49427465537211,19,"NOEC"
"122",4355.06928832269,"Old Stairs",1.49427465537211,20,"NOEC"
"123",6618.21466284275,"Old Stairs",1.49427465537211,21,"NOEC"
"124",9857.66911529202,"Old Stairs",1.49427465537211,22,"NOEC"
"125",14607.0838639845,"Old Stairs",1.49427465537211,23,"NOEC"
"126",21985.0442641451,"Old Stairs",1.49427465537211,24,"NOEC"
"127",32876.2317853437,"Old Stairs",1.49427465537211,25,"NOEC"
"128",48886.2912651506,"Old Stairs",1.49427465537211,26,"NOEC"
"129",73239.0333443594,"Old Stairs",1.49427465537211,27,"NOEC"
"130",109597.880491235,"Old Stairs",1.49427465537211,28,"NOEC"
"131",163364.794612631,"Old Stairs",1.49427465537211,29,"NOEC"
"132",244272.357598112,"Old Stairs",1.49427465537211,30,"NOEC"
"133",365428.897871837,"Old Stairs",1.49427465537211,31,"NOEC"
"134",545455.005087857,"Old Stairs",1.49427465537211,32,"NOEC"
"135",815051.010554894,"Old Stairs",1.49427465537211,33,"NOEC"
"136",1218769.73491671,"Old Stairs",1.49427465537211,34,"NOEC"
"137",1820436.40151702,"Old Stairs",1.49427465537211,35,"NOEC"
"138",2719792.28559025,"Old Stairs",1.49427465537211,36,"NOEC"
"139",4065640.28070661,"Old Stairs",1.49427465537211,37,"NOEC"
"140",6074523.76322599,"Old Stairs",1.49427465537211,38,"NOEC"
"141",9075723.55080464,"Old Stairs",1.49427465537211,39,"NOEC"
"142",13564036.6542545,"Old Stairs",1.49427465537211,40,"NOEC"
"143",20268410.5521619,"Old Stairs",1.49427465537211,41,"NOEC"
"144",30283931.7283119,"Old Stairs",1.49427465537211,42,"NOEC"
"145",45255986.5979799,"Old Stairs",1.49427465537211,43,"NOEC"
"146",67626884.126416,"Old Stairs",1.49427465537211,44,"NOEC"
"147",101048835.346707,"Old Stairs",1.49427465537211,45,"NOEC"
"148",150999432.327599,"Old Stairs",1.49427465537211,46,"NOEC"
"149",225641463.430211,"Old Stairs",1.49427465537211,47,"NOEC"
"150",337165336.039995,"Old Stairs",1.49427465537211,48,"NOEC"
"151",503824514.175759,"Old Stairs",1.49427465537211,49,"NOEC"
"152",752870248.180897,"Old Stairs",1.49427465537211,50,"NOEC"
"153",1124994930.64042,"Old Stairs",1.49427465537211,51,"NOEC"
"154",0.2270450751,"Paradise Cove",1.49427465537211,1,"NOEC"
"155",10.709716192467,"Paradise Cove",1.49427465537211,2,"NOEC"
"156",11.0349582625478,"Paradise Cove",1.49427465537211,3,"NOEC"
"157",6.75851332957348,"Paradise Cove",1.49427465537211,4,"NOEC"
"158",25.9556070445428,"Paradise Cove",1.49427465537211,5,"NOEC"
"159",37.5692015113625,"Paradise Cove",1.49427465537211,6,"NOEC"
"160",35.3630068140292,"Paradise Cove",1.49427465537211,7,"NOEC"
"161",73.7254096791751,"Paradise Cove",1.49427465537211,8,"NOEC"
"162",119.560703499537,"Paradise Cove",1.49427465537211,9,"NOEC"
"163",141.133564674387,"Paradise Cove",1.49427465537211,10,"NOEC"
"164",232.604364635421,"Paradise Cove",1.49427465537211,11,"NOEC"
"165",379.339920365589,"Paradise Cove",1.49427465537211,12,"NOEC"
"166",507.502350128963,"Paradise Cove",1.49427465537211,13,"NOEC"
"167",769.337002671447,"Paradise Cove",1.49427465537211,14,"NOEC"
"168",1221.42302287736,"Paradise Cove",1.49427465537211,15,"NOEC"
"169",1743.62016503522,"Paradise Cove",1.49427465537211,16,"NOEC"
"170",2581.66014709983,"Paradise Cove",1.49427465537211,17,"NOEC"
"171",3992.3809517803,"Paradise Cove",1.49427465537211,18,"NOEC"
"172",5874.22870814169,"Paradise Cove",1.49427465537211,19,"NOEC"
"173",8676.47126918868,"Paradise Cove",1.49427465537211,20,"NOEC"
"174",13185.266542015,"Paradise Cove",1.49427465537211,21,"NOEC"
"175",19639.1325137655,"Paradise Cove",1.49427465537211,22,"NOEC"
"176",29101.2461758795,"Paradise Cove",1.49427465537211,23,"NOEC"
"177",43800.1309005953,"Paradise Cove",1.49427465537211,24,"NOEC"
"178",65498.310506693,"Paradise Cove",1.49427465537211,25,"NOEC"
"179",97394.6620680815,"Paradise Cove",1.49427465537211,26,"NOEC"
"180",145911.884869282,"Paradise Cove",1.49427465537211,27,"NOEC"
"181",218348.503385675,"Paradise Cove",1.49427465537211,28,"NOEC"
"182",325466.681013314,"Paradise Cove",1.49427465537211,29,"NOEC"
"183",486656.342814072,"Paradise Cove",1.49427465537211,30,"NOEC"
"184",728032.810366012,"Paradise Cove",1.49427465537211,31,"NOEC"
"185",1086693.31460916,"Paradise Cove",1.49427465537211,32,"NOEC"
"186",1623801.1861176,"Paradise Cove",1.49427465537211,33,"NOEC"
"187",2428117.6460534,"Paradise Cove",1.49427465537211,34,"NOEC"
"188",3626799.73370319,"Paradise Cove",1.49427465537211,35,"NOEC"
"189",5418558.93943158,"Paradise Cove",1.49427465537211,36,"NOEC"
"190",8099850.71442872,"Paradise Cove",1.49427465537211,37,"NOEC"
"191",12102087.8007507,"Paradise Cove",1.49427465537211,38,"NOEC"
"192",18081286.2947546,"Paradise Cove",1.49427465537211,39,"NOEC"
"193",27023215.1392907,"Paradise Cove",1.49427465537211,40,"NOEC"
"194",40380134.0886779,"Paradise Cove",1.49427465537211,41,"NOEC"
"195",60333750.4326982,"Paradise Cove",1.49427465537211,42,"NOEC"
"196",90162117.1743493,"Paradise Cove",1.49427465537211,43,"NOEC"
"197",134730971.725501,"Paradise Cove",1.49427465537211,44,"NOEC"
"198",201316502.36232,"Paradise Cove",1.49427465537211,45,"NOEC"
"199",300831548.137964,"Paradise Cove",1.49427465537211,46,"NOEC"
"200",449538582.50644,"Paradise Cove",1.49427465537211,47,"NOEC"
"201",671724181.050642,"Paradise Cove",1.49427465537211,48,"NOEC"
"202",1003754161.54229,"Paradise Cove",1.49427465537211,49,"NOEC"
"203",1499920356.0971,"Paradise Cove",1.49427465537211,50,"NOEC"
"204",2241292973.1926,"Paradise Cove",1.49427465537211,51,"NOEC"
"205",0.001001001,"Point Fermin",1.49944106312934,1,"NOEC"
"206",0.0472287434600938,"Point Fermin",1.49944106312934,2,"NOEC"
"207",0.0492015489140877,"Point Fermin",1.49944106312934,3,"NOEC"
"208",0.0306773436345949,"Point Fermin",1.49944106312934,4,"NOEC"
"209",0.115312399899001,"Point Fermin",1.49944106312934,5,"NOEC"
"210",0.168600510420344,"Point Fermin",1.49944106312934,6,"NOEC"
"211",0.161357140799139,"Point Fermin",1.49944106312934,7,"NOEC"
"212",0.331819128108207,"Point Fermin",1.49944106312934,8,"NOEC"
"213",0.540923990548973,"Point Fermin",1.49944106312934,9,"NOEC"
"214",0.647572322331249,"Point Fermin",1.49944106312934,10,"NOEC"
"215",1.06139798067501,"Point Fermin",1.49944106312934,11,"NOEC"
"216",1.73360491147728,"Point Fermin",1.49944106312934,12,"NOEC"
"217",2.34460939217515,"Point Fermin",1.49944106312934,13,"NOEC"
"218",3.55399186165822,"Point Fermin",1.49944106312934,14,"NOEC"
"219",5.64460031635537,"Point Fermin",1.49944106312934,15,"NOEC"
"220",8.12134197687385,"Point Fermin",1.49944106312934,16,"NOEC"
"221",12.0575885829189,"Point Fermin",1.49944106312934,17,"NOEC"
"222",18.6612776621182,"Point Fermin",1.49944106312934,18,"NOEC"
"223",27.613045178866,"Point Fermin",1.49944106312934,19,"NOEC"
"224",40.9424551662007,"Point Fermin",1.49944106312934,20,"NOEC"
"225",62.3227316935898,"Point Fermin",1.49944106312934,21,"NOEC"
"226",93.2307891240621,"Point Fermin",1.49944106312934,22,"NOEC"
"227",138.714191960644,"Point Fermin",1.49944106312934,23,"NOEC"
"228",209.289159271017,"Point Fermin",1.49944106312934,24,"NOEC"
"229",314.119158332286,"Point Fermin",1.49944106312934,25,"NOEC"
"230",468.950299803077,"Point Fermin",1.49944106312934,26,"NOEC"
"231",704.643084789003,"Point Fermin",1.49944106312934,27,"NOEC"
"232",1058.05537795957,"Point Fermin",1.49944106312934,28,"NOEC"
"233",1583.11819209119,"Point Fermin",1.49944106312934,29,"NOEC"
"234",2374.8846718046,"Point Fermin",1.49944106312934,30,"NOEC"
"235",3564.69875104134,"Point Fermin",1.49944106312934,31,"NOEC"
"236",5340.24442089748,"Point Fermin",1.49944106312934,32,"NOEC"
"237",8006.83818496589,"Point Fermin",1.49944106312934,33,"NOEC"
"238",12013.1003577461,"Point Fermin",1.49944106312934,34,"NOEC"
"239",18007.2619976054,"Point Fermin",1.49944106312934,35,"NOEC"
"240",26996.4066918058,"Point Fermin",1.49944106312934,36,"NOEC"
"241",40492.0537307548,"Point Fermin",1.49944106312934,37,"NOEC"
"242",60711.0259719239,"Point Fermin",1.49944106312934,38,"NOEC"
"243",91020.9087256861,"Point Fermin",1.49944106312934,39,"NOEC"
"244",136499.552599127,"Point Fermin",1.49944106312934,40,"NOEC"
"245",204674.993926404,"Point Fermin",1.49944106312934,41,"NOEC"
"246",306875.090022556,"Point Fermin",1.49944106312934,42,"NOEC"
"247",460167.08230268,"Point Fermin",1.49944106312934,43,"NOEC"
"248",690012.566113003,"Point Fermin",1.49944106312934,44,"NOEC"
"249",1034596.84044587,"Point Fermin",1.49944106312934,45,"NOEC"
"250",1551349.45727053,"Point Fermin",1.49944106312934,46,"NOEC"
"251",2326215.47837976,"Point Fermin",1.49944106312934,47,"NOEC"
"252",3487981.97923602,"Point Fermin",1.49944106312934,48,"NOEC"
"253",5230066.56227714,"Point Fermin",1.49944106312934,49,"NOEC"
"254",7842322.18831317,"Point Fermin",1.49944106312934,50,"NOEC"
"255",11759099.9194471,"Point Fermin",1.49944106312934,51,"NOEC"
"256",0.07409925221,"Shaws Cove",1.49174025781958,1,"NOEC"
"257",3.49484146581492,"Shaws Cove",1.49174025781958,2,"NOEC"
"258",3.58134803225104,"Shaws Cove",1.49174025781958,3,"NOEC"
"259",2.17398621155053,"Shaws Cove",1.49174025781958,4,"NOEC"
"260",8.4396729117748,"Shaws Cove",1.49174025781958,5,"NOEC"
"261",12.1541145261465,"Shaws Cove",1.49174025781958,6,"NOEC"
"262",11.3456948668844,"Shaws Cove",1.49174025781958,7,"NOEC"
"263",23.8209220958571,"Shaws Cove",1.49174025781958,8,"NOEC"
"264",38.5270998265853,"Shaws Cove",1.49174025781958,9,"NOEC"
"265",45.1577562342775,"Shaws Cove",1.49174025781958,10,"NOEC"
"266",74.6466294915622,"Shaws Cove",1.49174025781958,11,"NOEC"
"267",121.639392395301,"Shaws Cove",1.49174025781958,12,"NOEC"
"268",161.843427706995,"Shaws Cove",1.49174025781958,13,"NOEC"
"269",245.39233631164,"Shaws Cove",1.49174025781958,14,"NOEC"
"270",389.527401706158,"Shaws Cove",1.49174025781958,15,"NOEC"
"271",553.842036664338,"Shaws Cove",1.49174025781958,16,"NOEC"
"272",819.001919725607,"Shaws Cove",1.49174025781958,17,"NOEC"
"273",1266.11241832117,"Shaws Cove",1.49174025781958,18,"NOEC"
"274",1857.5504348491,"Shaws Cove",1.49174025781958,19,"NOEC"
"275",2738.56609762863,"Shaws Cove",1.49174025781958,20,"NOEC"
"276",4158.51754311724,"Shaws Cove",1.49174025781958,21,"NOEC"
"277",6180.47619733234,"Shaws Cove",1.49174025781958,22,"NOEC"
"278",9139.80962550205,"Shaws Cove",1.49174025781958,23,"NOEC"
"279",13740.4132164071,"Shaws Cove",1.49174025781958,24,"NOEC"
"280",20509.6851341942,"Shaws Cove",1.49174025781958,25,"NOEC"
"281",30437.399702527,"Shaws Cove",1.49174025781958,26,"NOEC"
"282",45534.8496243885,"Shaws Cove",1.49174025781958,27,"NOEC"
"283",68025.5355334893,"Shaws Cove",1.49174025781958,28,"NOEC"
"284",101206.988352006,"Shaws Cove",1.49174025781958,29,"NOEC"
"285",151091.10614657,"Shaws Cove",1.49174025781958,30,"NOEC"
"286",225659.546935918,"Shaws Cove",1.49174025781958,31,"NOEC"
"287",336222.198312306,"Shaws Cove",1.49174025781958,32,"NOEC"
"288",501569.21068032,"Shaws Cove",1.49174025781958,33,"NOEC"
"289",748777.349534471,"Shaws Cove",1.49174025781958,34,"NOEC"
"290",1116468.7213299,"Shaws Cove",1.49174025781958,35,"NOEC"
"291",1665218.94144689,"Shaws Cove",1.49174025781958,36,"NOEC"
"292",2485094.949671,"Shaws Cove",1.49174025781958,37,"NOEC"
"293",3706634.33700361,"Shaws Cove",1.49174025781958,38,"NOEC"
"294",5528522.19559983,"Shaws Cove",1.49174025781958,39,"NOEC"
"295",8248766.87653809,"Shaws Cove",1.49174025781958,40,"NOEC"
"296",12304953.0459735,"Shaws Cove",1.49174025781958,41,"NOEC"
"297",18354078.5121373,"Shaws Cove",1.49174025781958,42,"NOEC"
"298",27381950.5217232,"Shaws Cove",1.49174025781958,43,"NOEC"
"299",40847997.4924263,"Shaws Cove",1.49174025781958,44,"NOEC"
"300",60931761.6722464,"Shaws Cove",1.49174025781958,45,"NOEC"
"301",90897779.563377,"Shaws Cove",1.49174025781958,46,"NOEC"
"302",135600364.094482,"Shaws Cove",1.49174025781958,47,"NOEC"
"303",202277191.567684,"Shaws Cove",1.49174025781958,48,"NOEC"
"304",301750204.005305,"Shaws Cove",1.49174025781958,49,"NOEC"
"305",450145107.457284,"Shaws Cove",1.49174025781958,50,"NOEC"
"306",671499578.654551,"Shaws Cove",1.49174025781958,51,"NOEC"
"307",0.01204819277,"Treasure Island",1.50474109154064,1,"NOEC"
"308",0.568593519723401,"Treasure Island",1.50474109154064,2,"NOEC"
"309",0.598958743950743,"Treasure Island",1.50474109154064,3,"NOEC"
"310",0.380205217146821,"Treasure Island",1.50474109154064,4,"NOEC"
"311",1.39905345173752,"Treasure Island",1.50474109154064,5,"NOEC"
"312",2.06616682400949,"Treasure Island",1.50474109154064,6,"NOEC"
"313",2.01046532893005,"Treasure Island",1.50474109154064,7,"NOEC"
"314",4.08017030540751,"Treasure Island",1.50474109154064,8,"NOEC"
"315",6.68487026123264,"Treasure Island",1.50474109154064,9,"NOEC"
"316",8.11518056906512,"Treasure Island",1.50474109154064,10,"NOEC"
"317",13.2352914321974,"Treasure Island",1.50474109154064,11,"NOEC"
"318",21.6485709956622,"Treasure Island",1.50474109154064,12,"NOEC"
"319",29.5917980660855,"Treasure Island",1.50474109154064,13,"NOEC"
"320",44.8713579664596,"Treasure Island",1.50474109154064,14,"NOEC"
"321",71.2998946678624,"Treasure Island",1.50474109154064,15,"NOEC"
"322",103.372579088356,"Treasure Island",1.50474109154064,16,"NOEC"
"323",153.934817759398,"Treasure Island",1.50474109154064,17,"NOEC"
"324",238.476031704377,"Treasure Island",1.50474109154064,18,"NOEC"
"325",354.824363071193,"Treasure Island",1.50474109154064,19,"NOEC"
"326",528.202331105417,"Treasure Island",1.50474109154064,20,"NOEC"
"327",805.541352827912,"Treasure Island",1.50474109154064,21,"NOEC"
"328",1210.20167101094,"Treasure Island",1.50474109154064,22,"NOEC"
"329",1808.09754538645,"Treasure Island",1.50474109154064,23,"NOEC"
"330",2735.19284512824,"Treasure Island",1.50474109154064,24,"NOEC"
"331",4120.36183802272,"Treasure Island",1.50474109154064,25,"NOEC"
"332",6176.09793421226,"Treasure Island",1.50474109154064,26,"NOEC"
"333",9309.07454544367,"Treasure Island",1.50474109154064,27,"NOEC"
"334",14026.532848764,"Treasure Island",1.50474109154064,28,"NOEC"
"335",21067.9544881366,"Treasure Island",1.50474109154064,29,"NOEC"
"336",31711.3591017015,"Treasure Island",1.50474109154064,30,"NOEC"
"337",47761.8173763589,"Treasure Island",1.50474109154064,31,"NOEC"
"338",71816.3890653288,"Treasure Island",1.50474109154064,32,"NOEC"
"339",108053.453026523,"Treasure Island",1.50474109154064,33,"NOEC"
"340",162677.279511829,"Treasure Island",1.50474109154064,34,"NOEC"
"341",244728.57056827,"Treasure Island",1.50474109154064,35,"NOEC"
"342",368194.382264235,"Treasure Island",1.50474109154064,36,"NOEC"
"343",554177.392464016,"Treasure Island",1.50474109154064,37,"NOEC"
"344",833855.679585477,"Treasure Island",1.50474109154064,38,"NOEC"
"345",1254593.21158676,"Treasure Island",1.50474109154064,39,"NOEC"
"346",1888042.01239699,"Treasure Island",1.50474109154064,40,"NOEC"
"347",2841057.41175791,"Treasure Island",1.50474109154064,41,"NOEC"
"348",4274784.78622587,"Treasure Island",1.50474109154064,42,"NOEC"
"349",6432704.66125257,"Treasure Island",1.50474109154064,43,"NOEC"
"350",9679798.25369508,"Treasure Island",1.50474109154064,44,"NOEC"
"351",14565175.087757,"Treasure Island",1.50474109154064,45,"NOEC"
"352",21917108.4899554,"Treasure Island",1.50474109154064,46,"NOEC"
"353",32980248.3797115,"Treasure Island",1.50474109154064,47,"NOEC"
"354",49626278.4675492,"Treasure Island",1.50474109154064,48,"NOEC"
"355",74675030.2611655,"Treasure Island",1.50474109154064,49,"NOEC"
"356",112368174.551752,"Treasure Island",1.50474109154064,50,"NOEC"
"357",169085009.629432,"Treasure Island",1.50474109154064,51,"NOEC"
"358",0.0742150333,"White Point",1.49427465537211,1,"NOEC"
"359",3.500723120761,"White Point",1.49427465537211,2,"NOEC"
"360",3.60703615596325,"White Point",1.49427465537211,3,"NOEC"
"361",2.20917935168544,"White Point",1.49427465537211,4,"NOEC"
"362",8.48420182769452,"White Point",1.49427465537211,5,"NOEC"
"363",12.2803788630612,"White Point",1.49427465537211,6,"NOEC"
"364",11.5592321354488,"White Point",1.49427465537211,7,"NOEC"
"365",24.0988875534351,"White Point",1.49427465537211,8,"NOEC"
"366",39.0812334849432,"White Point",1.49427465537211,9,"NOEC"
"367",46.1328315421245,"White Point",1.49427465537211,10,"NOEC"
"368",76.0322180938738,"White Point",1.49427465537211,11,"NOEC"
"369",123.996192428098,"White Point",1.49427465537211,12,"NOEC"
"370",165.889102849116,"White Point",1.49427465537211,13,"NOEC"
"371",251.475929381142,"White Point",1.49427465537211,14,"NOEC"
"372",399.250898863605,"White Point",1.49427465537211,15,"NOEC"
"373",569.943340782204,"White Point",1.49427465537211,16,"NOEC"
"374",843.876458020105,"White Point",1.49427465537211,17,"NOEC"
"375",1305.00379782367,"White Point",1.49427465537211,18,"NOEC"
"376",1920.13008427749,"White Point",1.49427465537211,19,"NOEC"
"377",2836.10910250187,"White Point",1.49427465537211,20,"NOEC"
"378",4309.91509088682,"White Point",1.49427465537211,21,"NOEC"
"379",6419.51327440276,"White Point",1.49427465537211,22,"NOEC"
"380",9512.42810734014,"White Point",1.49427465537211,23,"NOEC"
"381",14317.1049708977,"White Point",1.49427465537211,24,"NOEC"
"382",21409.6663105641,"White Point",1.49427465537211,25,"NOEC"
"383",31835.7404821106,"White Point",1.49427465537211,26,"NOEC"
"384",47694.7381028637,"White Point",1.49427465537211,27,"NOEC"
"385",71372.3538933218,"White Point",1.49427465537211,28,"NOEC"
"386",106386.454578699,"White Point",1.49427465537211,29,"NOEC"
"387",159075.09410497,"White Point",1.49427465537211,30,"NOEC"
"388",237974.680758914,"White Point",1.49427465537211,31,"NOEC"
"389",355211.318699978,"White Point",1.49427465537211,32,"NOEC"
"390",530777.683890389,"White Point",1.49427465537211,33,"NOEC"
"391",793687.473198008,"White Point",1.49427465537211,34,"NOEC"
"392",1185504.96147368,"White Point",1.49427465537211,35,"NOEC"
"393",1771183.68214245,"White Point",1.49427465537211,36,"NOEC"
"394",2647627.08564189,"White Point",1.49427465537211,37,"NOEC"
"395",3955852.59330842,"White Point",1.49427465537211,38,"NOEC"
"396",5910294.52579411,"White Point",1.49427465537211,39,"NOEC"
"397",8833174.69252396,"White Point",1.49427465537211,40,"NOEC"
"398",13199198.4178903,"White Point",1.49427465537211,41,"NOEC"
"399",19721508.1432814,"White Point",1.49427465537211,42,"NOEC"
"400",29471612.742737,"White Point",1.49427465537211,43,"NOEC"
"401",44039993.1544227,"White Point",1.49427465537211,44,"NOEC"
"402",65805042.9857533,"White Point",1.49427465537211,45,"NOEC"
"403",98333880.8512635,"White Point",1.49427465537211,46,"NOEC"
"404",146942279.437931,"White Point",1.49427465537211,47,"NOEC"
"405",219568878.308115,"White Point",1.49427465537211,48,"NOEC"
"406",328100701.990847,"White Point",1.49427465537211,49,"NOEC"
"407",490284315.244739,"White Point",1.49427465537211,50,"NOEC"
"408",732619426.196684,"White Point",1.49427465537211,51,"NOEC"
"409",0.04888268156,"Alegria",0.502468017908498,1,"NOEC"
"410",2.2780391326019,"Alegria",0.502468017908498,2,"NOEC"
"411",1.06646460110183,"Alegria",0.502468017908498,3,"NOEC"
"412",0.103202886062293,"Alegria",0.502468017908498,4,"NOEC"
"413",4.70175663928627,"Alegria",0.502468017908498,5,"NOEC"
"414",2.21123572491142,"Alegria",0.502468017908498,6,"NOEC"
"415",0.21779808696139,"Alegria",0.502468017908498,7,"NOEC"
"416",9.70419642563582,"Alegria",0.502468017908498,8,"NOEC"
"417",4.58473749150806,"Alegria",0.502468017908498,9,"NOEC"
"418",0.45946064760625,"Alegria",0.502468017908498,10,"NOEC"
"419",20.0290097849772,"Alegria",0.502468017908498,11,"NOEC"
"420",9.50571581815091,"Alegria",0.502468017908498,12,"NOEC"
"421",0.968904310415624,"Alegria",0.502468017908498,13,"NOEC"
"422",41.3389887776493,"Alegria",0.502468017908498,14,"NOEC"
"423",19.7081647253264,"Alegria",0.502468017908498,15,"NOEC"
"424",2.04247938399502,"Alegria",0.502468017908498,16,"NOEC"
"425",85.3219339960848,"Alegria",0.502468017908498,17,"NOEC"
"426",40.8600250754387,"Alegria",0.502468017908498,18,"NOEC"
"427",4.30411925699962,"Alegria",0.502468017908498,19,"NOEC"
"428",176.101075153165,"Alegria",0.502468017908498,20,"NOEC"
"429",84.7114751781866,"Alegria",0.502468017908498,21,"NOEC"
"430",9.0670503229211,"Alegria",0.502468017908498,22,"NOEC"
"431",363.466007238098,"Alegria",0.502468017908498,23,"NOEC"
"432",175.621269568302,"Alegria",0.502468017908498,24,"NOEC"
"433",19.0944822712052,"Alegria",0.502468017908498,25,"NOEC"
"434",750.181018557244,"Alegria",0.502468017908498,26,"NOEC"
"435",364.085440338718,"Alegria",0.502468017908498,27,"NOEC"
"436",40.1989432047191,"Alegria",0.502468017908498,28,"NOEC"
"437",1548.34887431562,"Alegria",0.502468017908498,29,"NOEC"
"438",754.780936492769,"Alegria",0.502468017908498,30,"NOEC"
"439",84.6039784711577,"Alegria",0.502468017908498,31,"NOEC"
"440",3195.74454805456,"Alegria",0.502468017908498,32,"NOEC"
"441",1564.69618034262,"Alegria",0.502468017908498,33,"NOEC"
"442",178.008452942125,"Alegria",0.502468017908498,34,"NOEC"
"443",6595.92600935125,"Alegria",0.502468017908498,35,"NOEC"
"444",3243.62536695681,"Alegria",0.502468017908498,36,"NOEC"
"445",374.427926147005,"Alegria",0.502468017908498,37,"NOEC"
"446",13613.8192579204,"Alegria",0.502468017908498,38,"NOEC"
"447",6723.92709699627,"Alegria",0.502468017908498,39,"NOEC"
"448",787.367502822492,"Alegria",0.502468017908498,40,"NOEC"
"449",28098.5995121061,"Alegria",0.502468017908498,41,"NOEC"
"450",13938.210558132,"Alegria",0.502468017908498,42,"NOEC"
"451",1655.28234081787,"Alegria",0.502468017908498,43,"NOEC"
"452",57994.9073665392,"Alegria",0.502468017908498,44,"NOEC"
"453",28892.347979879,"Alegria",0.502468017908498,45,"NOEC"
"454",3479.00891617166,"Alegria",0.502468017908498,46,"NOEC"
"455",119700.382073632,"Alegria",0.502468017908498,47,"NOEC"
"456",59889.4765063876,"Alegria",0.502468017908498,48,"NOEC"
"457",7310.23309919954,"Alegria",0.502468017908498,49,"NOEC"
"458",247059.585870808,"Alegria",0.502468017908498,50,"NOEC"
"459",124139.540417799,"Alegria",0.502468017908498,51,"NOEC"
"460",0.1632653061,"Arroyo Hondo",1.4968414187601,1,"NOEC"
"461",7.70215976959205,"Arroyo Hondo",1.4968414187601,2,"NOEC"
"462",7.97975770559085,"Arroyo Hondo",1.4968414187601,3,"NOEC"
"463",4.93112989805128,"Arroyo Hondo",1.4968414187601,4,"NOEC"
"464",18.7350997357613,"Arroyo Hondo",1.4968414187601,5,"NOEC"
"465",27.2553605725657,"Arroyo Hondo",1.4968414187601,6,"NOEC"
"466",25.868805972266,"Arroyo Hondo",1.4968414187601,7,"NOEC"
"467",53.5598586032497,"Arroyo Hondo",1.4968414187601,8,"NOEC"
"468",87.0869350798284,"Arroyo Hondo",1.4968414187601,9,"NOEC"
"469",103.527790145087,"Arroyo Hondo",1.4968414187601,10,"NOEC"
"470",170.143456787991,"Arroyo Hondo",1.4968414187601,11,"NOEC"
"471",277.690878672235,"Arroyo Hondo",1.4968414187601,12,"NOEC"
"472",373.540473780643,"Arroyo Hondo",1.4968414187601,13,"NOEC"
"473",566.208611695671,"Arroyo Hondo",1.4968414187601,14,"NOEC"
"474",899.094981849994,"Arroyo Hondo",1.4968414187601,15,"NOEC"
"475",1288.56643078745,"Arroyo Hondo",1.4968414187601,16,"NOEC"
"476",1910.43453763036,"Arroyo Hondo",1.4968414187601,17,"NOEC"
"477",2955.48953197042,"Arroyo Hondo",1.4968414187601,18,"NOEC"
"478",4360.968468728,"Arroyo Hondo",1.4968414187601,19,"NOEC"
"479",6453.58576297745,"Arroyo Hondo",1.4968414187601,20,"NOEC"
"480",9815.20278034943,"Arroyo Hondo",1.4968414187601,21,"NOEC"
"481",14651.2804041351,"Arroyo Hondo",1.4968414187601,22,"NOEC"
"482",21754.3980894689,"Arroyo Hondo",1.4968414187601,23,"NOEC"
"483",32781.7414352084,"Arroyo Hondo",1.4968414187601,24,"NOEC"
"484",49111.4401504202,"Arroyo Hondo",1.4968414187601,25,"NOEC"
"485",73172.6885196102,"Arroyo Hondo",1.4968414187601,26,"NOEC"
"486",109784.226688043,"Arroyo Hondo",1.4968414187601,27,"NOEC"
"487",164564.595010378,"Arroyo Hondo",1.4968414187601,28,"NOEC"
"488",245762.041972187,"Arroyo Hondo",1.4968414187601,29,"NOEC"
"489",368070.479942938,"Arroyo Hondo",1.4968414187601,30,"NOEC"
"490",551545.442466591,"Arroyo Hondo",1.4968414187601,31,"NOEC"
"491",824756.62648101,"Arroyo Hondo",1.4968414187601,32,"NOEC"
"492",1234478.46368334,"Arroyo Hondo",1.4968414187601,33,"NOEC"
"493",1849031.95734697,"Arroyo Hondo",1.4968414187601,34,"NOEC"
"494",2766715.04956447,"Arroyo Hondo",1.4968414187601,35,"NOEC"
"495",4140656.11649694,"Arroyo Hondo",1.4968414187601,36,"NOEC"
"496",6200019.88828081,"Arroyo Hondo",1.4968414187601,37,"NOEC"
"497",9279615.32220125,"Arroyo Hondo",1.4968414187601,38,"NOEC"
"498",13888235.6036014,"Arroyo Hondo",1.4968414187601,39,"NOEC"
"499",20791769.2896362,"Arroyo Hondo",1.4968414187601,40,"NOEC"
"500",31122155.9988394,"Arroyo Hondo",1.4968414187601,41,"NOEC"
"501",46581158.8707406,"Arroyo Hondo",1.4968414187601,42,"NOEC"
"502",69729211.1836883,"Arroyo Hondo",1.4968414187601,43,"NOEC"
"503",104376581.880267,"Arroyo Hondo",1.4968414187601,44,"NOEC"
"504",156229136.663689,"Arroyo Hondo",1.4968414187601,45,"NOEC"
"505",233856257.39911,"Arroyo Hondo",1.4968414187601,46,"NOEC"
"506",350055408.204577,"Arroyo Hondo",1.4968414187601,47,"NOEC"
"507",523970509.611414,"Arroyo Hondo",1.4968414187601,48,"NOEC"
"508",784309188.204165,"Arroyo Hondo",1.4968414187601,49,"NOEC"
"509",1174011299.81461,"Arroyo Hondo",1.4968414187601,50,"NOEC"
"510",1757308739.65489,"Arroyo Hondo",1.4968414187601,51,"NOEC"
"511",0.05574324324,"Carpinteria",1.48923771820386,1,"NOEC"
"512",2.62877962323371,"Carpinteria",1.48923771820386,2,"NOEC"
"513",2.67923196339497,"Carpinteria",1.48923771820386,3,"NOEC"
"514",1.61196810846511,"Carpinteria",1.48923771820386,4,"NOEC"
"515",6.32603639652765,"Carpinteria",1.48923771820386,5,"NOEC"
"516",9.06397487489843,"Carpinteria",1.48923771820386,6,"NOEC"
"517",8.39102419046271,"Carpinteria",1.48923771820386,7,"NOEC"
"518",17.7441705085509,"Carpinteria",1.48923771820386,8,"NOEC"
"519",28.6205932645834,"Carpinteria",1.48923771820386,9,"NOEC"
"520",33.3085250133878,"Carpinteria",1.48923771820386,10,"NOEC"
"521",55.2312314323538,"Carpinteria",1.48923771820386,11,"NOEC"
"522",89.9270497401628,"Carpinteria",1.48923771820386,12,"NOEC"
"523",118.987253797728,"Carpinteria",1.48923771820386,13,"NOEC"
"524",180.468765994332,"Carpinteria",1.48923771820386,14,"NOEC"
"525",286.426287371256,"Carpinteria",1.48923771820386,15,"NOEC"
"526",405.602078120933,"Carpinteria",1.48923771820386,16,"NOEC"
"527",599.075828062734,"Carpinteria",1.48923771820386,17,"NOEC"
"528",925.852671091196,"Carpinteria",1.48923771820386,18,"NOEC"
"529",1354.38825115782,"Carpinteria",1.48923771820386,19,"NOEC"
"530",1993.11767471907,"Carpinteria",1.48923771820386,20,"NOEC"
"531",3024.40285425084,"Carpinteria",1.48923771820386,21,"NOEC"
"532",4485.02896650097,"Carpinteria",1.48923771820386,22,"NOEC"
"533",6619.34223901714,"Carpinteria",1.48923771820386,23,"NOEC"
"534",9940.22989205632,"Carpinteria",1.48923771820386,24,"NOEC"
"535",14810.167918129,"Carpinteria",1.48923771820386,25,"NOEC"
"536",21935.9705690013,"Carpinteria",1.48923771820386,26,"NOEC"
"537",32771.0669375996,"Carpinteria",1.48923771820386,27,"NOEC"
"538",48875.6034103721,"Carpinteria",1.48923771820386,28,"NOEC"
"539",72580.0134702298,"Carpinteria",1.48923771820386,29,"NOEC"
"540",108186.001708211,"Carpinteria",1.48923771820386,30,"NOEC"
"541",161316.896543381,"Carpinteria",1.48923771820386,31,"NOEC"
"542",239924.19263552,"Carpinteria",1.48923771820386,32,"NOEC"
"543",357328.571063409,"Carpinteria",1.48923771820386,33,"NOEC"
"544",532578.182628643,"Carpinteria",1.48923771820386,34,"NOEC"
"545",792726.178669003,"Carpinteria",1.48923771820386,35,"NOEC"
"546",1180379.40907957,"Carpinteria",1.48923771820386,36,"NOEC"
"547",1758655.4230906,"Carpinteria",1.48923771820386,37,"NOEC"
"548",2618652.49464193,"Carpinteria",1.48923771820386,38,"NOEC"
"549",3899202.60961231,"Carpinteria",1.48923771820386,39,"NOEC"
"550",5808138.23053737,"Carpinteria",1.48923771820386,40,"NOEC"
"551",8649591.33624023,"Carpinteria",1.48923771820386,41,"NOEC"
"552",12880012.9718349,"Carpinteria",1.48923771820386,42,"NOEC"
"553",19183363.5388576,"Carpinteria",1.48923771820386,43,"NOEC"
"554",28569463.7461436,"Carpinteria",1.48923771820386,44,"NOEC"
"555",42544560.5718511,"Carpinteria",1.48923771820386,45,"NOEC"
"556",63361806.2525902,"Carpinteria",1.48923771820386,46,"NOEC"
"557",94364185.8832757,"Carpinteria",1.48923771820386,47,"NOEC"
"558",140528138.275982,"Carpinteria",1.48923771820386,48,"NOEC"
"559",209284235.351395,"Carpinteria",1.48923771820386,49,"NOEC"
"560",311683457.924661,"Carpinteria",1.48923771820386,50,"NOEC"
"561",464170761.681611,"Carpinteria",1.48923771820386,51,"NOEC"
"562",0.04414414414,"Coal Oil Point",1.49174025781958,1,"NOEC"
"563",2.08202891138708,"Coal Oil Point",1.49174025781958,2,"NOEC"
"564",2.13356463170704,"Coal Oil Point",1.49174025781958,3,"NOEC"
"565",1.29513804551064,"Coal Oil Point",1.49174025781958,4,"NOEC"
"566",5.02787985573708,"Coal Oil Point",1.49174025781958,5,"NOEC"
"567",7.24073411720437,"Coal Oil Point",1.49174025781958,6,"NOEC"
"568",6.75912340050054,"Coal Oil Point",1.49174025781958,7,"NOEC"
"569",14.1911583070647,"Coal Oil Point",1.49174025781958,8,"NOEC"
"570",22.9522673619023,"Coal Oil Point",1.49174025781958,9,"NOEC"
"571",26.9024374847322,"Coal Oil Point",1.49174025781958,10,"NOEC"
"572",44.4702405700661,"Coal Oil Point",1.49174025781958,11,"NOEC"
"573",72.4658712584893,"Coal Oil Point",1.49174025781958,12,"NOEC"
"574",96.4171619514004,"Coal Oil Point",1.49174025781958,13,"NOEC"
"575",146.190876991475,"Coal Oil Point",1.49174025781958,14,"NOEC"
"576",232.058398088338,"Coal Oil Point",1.49174025781958,15,"NOEC"
"577",329.947765572757,"Coal Oil Point",1.49174025781958,16,"NOEC"
"578",487.915029059157,"Coal Oil Point",1.49174025781958,17,"NOEC"
"579",754.278179939188,"Coal Oil Point",1.49174025781958,18,"NOEC"
"580",1106.62350425491,"Coal Oil Point",1.49174025781958,19,"NOEC"
"581",1631.4828145367,"Coal Oil Point",1.49174025781958,20,"NOEC"
"582",2477.40958723619,"Coal Oil Point",1.49174025781958,21,"NOEC"
"583",3681.97821127348,"Coal Oil Point",1.49174025781958,22,"NOEC"
"584",5444.98171691228,"Coal Oil Point",1.49174025781958,23,"NOEC"
"585",8185.76117137086,"Coal Oil Point",1.49174025781958,24,"NOEC"
"586",12218.5105763821,"Coal Oil Point",1.49174025781958,25,"NOEC"
"587",18132.8815020594,"Coal Oil Point",1.49174025781958,26,"NOEC"
"588",27127.0884018579,"Coal Oil Point",1.49174025781958,27,"NOEC"
"589",40525.767213961,"Coal Oil Point",1.49174025781958,28,"NOEC"
"590",60293.4003858049,"Coal Oil Point",1.49174025781958,29,"NOEC"
"591",90011.5368115163,"Coal Oil Point",1.49174025781958,30,"NOEC"
"592",134435.196974389,"Coal Oil Point",1.49174025781958,31,"NOEC"
"593",200302.172325608,"Coal Oil Point",1.49174025781958,32,"NOEC"
"594",298806.571889669,"Coal Oil Point",1.49174025781958,33,"NOEC"
"595",446079.201351995,"Coal Oil Point",1.49174025781958,34,"NOEC"
"596",665128.927651138,"Coal Oil Point",1.49174025781958,35,"NOEC"
"597",992043.276868174,"Coal Oil Point",1.49174025781958,36,"NOEC"
"598",1480479.03842487,"Coal Oil Point",1.49174025781958,37,"NOEC"
"599",2208203.1271144,"Coal Oil Point",1.49174025781958,38,"NOEC"
"600",3293580.88516327,"Coal Oil Point",1.49174025781958,39,"NOEC"
"601",4914148.83571542,"Coal Oil Point",1.49174025781958,40,"NOEC"
"602",7330595.17737048,"Coal Oil Point",1.49174025781958,41,"NOEC"
"603",10934322.0509224,"Coal Oil Point",1.49174025781958,42,"NOEC"
"604",16312617.6663652,"Coal Oil Point",1.49174025781958,43,"NOEC"
"605",24334926.9440087,"Coal Oil Point",1.49174025781958,44,"NOEC"
"606",36299697.9016851,"Coal Oil Point",1.49174025781958,45,"NOEC"
"607",54151756.7772451,"Coal Oil Point",1.49174025781958,46,"NOEC"
"608",80783028.7012727,"Coal Oil Point",1.49174025781958,47,"NOEC"
"609",120505311.92261,"Coal Oil Point",1.49174025781958,48,"NOEC"
"610",179765707.515291,"Coal Oil Point",1.49174025781958,49,"NOEC"
"611",268170999.232141,"Coal Oil Point",1.49174025781958,50,"NOEC"
"612",400041475.534288,"Coal Oil Point",1.49174025781958,51,"NOEC"
"613",0.1767810026,"Mussel Shoals",1.49427465537211,1,"NOEC"
"614",8.338759892642,"Mussel Shoals",1.49427465537211,2,"NOEC"
"615",8.5919986788665,"Mussel Shoals",1.49427465537211,3,"NOEC"
"616",5.26228882948126,"Mussel Shoals",1.49427465537211,4,"NOEC"
"617",20.2094594406197,"Mussel Shoals",1.49427465537211,5,"NOEC"
"618",29.251993715939,"Mussel Shoals",1.49427465537211,6,"NOEC"
"619",27.5342145024784,"Mussel Shoals",1.49427465537211,7,"NOEC"
"620",57.4038077436383,"Mussel Shoals",1.49427465537211,8,"NOEC"
"621",93.0919158977587,"Mussel Shoals",1.49427465537211,9,"NOEC"
"622",109.888897844012,"Mussel Shoals",1.49427465537211,10,"NOEC"
"623",181.109556202771,"Mussel Shoals",1.49427465537211,11,"NOEC"
"624",295.360255750524,"Mussel Shoals",1.49427465537211,12,"NOEC"
"625",395.149616163836,"Mussel Shoals",1.49427465537211,13,"NOEC"
"626",599.018351794838,"Mussel Shoals",1.49427465537211,14,"NOEC"
"627",951.019908658577,"Mussel Shoals",1.49427465537211,15,"NOEC"
"628",1357.61112982848,"Mussel Shoals",1.49427465537211,16,"NOEC"
"629",2010.12274314146,"Mussel Shoals",1.49427465537211,17,"NOEC"
"630",3108.53299551206,"Mussel Shoals",1.49427465537211,18,"NOEC"
"631",4573.77038488773,"Mussel Shoals",1.49427465537211,19,"NOEC"
"632",6755.64219713511,"Mussel Shoals",1.49427465537211,20,"NOEC"
"633",10266.2638148792,"Mussel Shoals",1.49427465537211,21,"NOEC"
"634",15291.3492373644,"Mussel Shoals",1.49427465537211,22,"NOEC"
"635",22658.7054293757,"Mussel Shoals",1.49427465537211,23,"NOEC"
"636",34103.4970752312,"Mussel Shoals",1.49427465537211,24,"NOEC"
"637",50998.0539982182,"Mussel Shoals",1.49427465537211,25,"NOEC"
"638",75833.0741184337,"Mussel Shoals",1.49427465537211,26,"NOEC"
"639",113609.375966805,"Mussel Shoals",1.49427465537211,27,"NOEC"
"640",170009.709868087,"Mussel Shoals",1.49427465537211,28,"NOEC"
"641",253413.671963977,"Mussel Shoals",1.49427465537211,29,"NOEC"
"642",378918.574500809,"Mussel Shoals",1.49427465537211,30,"NOEC"
"643",566858.233262772,"Mussel Shoals",1.49427465537211,31,"NOEC"
"644",846117.157972766,"Mussel Shoals",1.49427465537211,32,"NOEC"
"645",1264318.11647316,"Mussel Shoals",1.49427465537211,33,"NOEC"
"646",1890572.04482861,"Mussel Shoals",1.49427465537211,34,"NOEC"
"647",2823885.49001151,"Mussel Shoals",1.49427465537211,35,"NOEC"
"648",4218978.4629242,"Mussel Shoals",1.49427465537211,36,"NOEC"
"649",6306676.01830328,"Mussel Shoals",1.49427465537211,37,"NOEC"
"650",9422883.16109766,"Mussel Shoals",1.49427465537211,38,"NOEC"
"651",14078384.7351743,"Mussel Shoals",1.49427465537211,39,"NOEC"
"652",21040716.5347904,"Mussel Shoals",1.49427465537211,40,"NOEC"
"653",31440631.716741,"Mussel Shoals",1.49427465537211,41,"NOEC"
"654",46976843.199144,"Mussel Shoals",1.49427465537211,42,"NOEC"
"655",70201696.5732464,"Mussel Shoals",1.49427465537211,43,"NOEC"
"656",104903734.434301,"Mussel Shoals",1.49427465537211,44,"NOEC"
"657",156748315.777655,"Mussel Shoals",1.49427465537211,45,"NOEC"
"658",234232355.271817,"Mussel Shoals",1.49427465537211,46,"NOEC"
"659",350018080.277097,"Mussel Shoals",1.49427465537211,47,"NOEC"
"660",523015415.086608,"Mussel Shoals",1.49427465537211,48,"NOEC"
"661",781539379.188095,"Mussel Shoals",1.49427465537211,49,"NOEC"
"662",1167862479.52838,"Mussel Shoals",1.49427465537211,50,"NOEC"
"663",1745107304.11929,"Mussel Shoals",1.49427465537211,51,"NOEC"
"664",0.2414675768,"Government Point",1.49427465537211,1,"NOEC"
"665",11.390025597656,"Government Point",1.49427465537211,2,"NOEC"
"666",11.735927901422,"Government Point",1.49427465537211,3,"NOEC"
"667",7.18783191286499,"Government Point",1.49427465537211,4,"NOEC"
"668",27.6043756274314,"Government Point",1.49427465537211,5,"NOEC"
"669",39.9556962302047,"Government Point",1.49427465537211,6,"NOEC"
"670",37.6093582297902,"Government Point",1.49427465537211,7,"NOEC"
"671",78.408642054785,"Government Point",1.49427465537211,8,"NOEC"
"672",127.15551456829,"Government Point",1.49427465537211,9,"NOEC"
"673",150.098740754717,"Government Point",1.49427465537211,10,"NOEC"
"674",247.380007061949,"Government Point",1.49427465537211,11,"NOEC"
"675",403.436592112117,"Government Point",1.49427465537211,12,"NOEC"
"676",539.740237272144,"Government Point",1.49427465537211,13,"NOEC"
"677",818.207317185051,"Government Point",1.49427465537211,14,"NOEC"
"678",1299.01103317051,"Government Point",1.49427465537211,15,"NOEC"
"679",1854.37951439921,"Government Point",1.49427465537211,16,"NOEC"
"680",2745.65400534128,"Government Point",1.49427465537211,17,"NOEC"
"681",4245.98751443637,"Government Point",1.49427465537211,18,"NOEC"
"682",6247.37520115436,"Government Point",1.49427465537211,19,"NOEC"
"683",9227.62359686969,"Government Point",1.49427465537211,20,"NOEC"
"684",14022.8294313814,"Government Point",1.49427465537211,21,"NOEC"
"685",20886.661983152,"Government Point",1.49427465537211,22,"NOEC"
"686",30949.8340488333,"Government Point",1.49427465537211,23,"NOEC"
"687",46582.4306800371,"Government Point",1.49427465537211,24,"NOEC"
"688",69658.9358548264,"Government Point",1.49427465537211,25,"NOEC"
"689",103581.427751632,"Government Point",1.49427465537211,26,"NOEC"
"690",155180.592444862,"Government Point",1.49427465537211,27,"NOEC"
"691",232218.57592473,"Government Point",1.49427465537211,28,"NOEC"
"692",346141.182577113,"Government Point",1.49427465537211,29,"NOEC"
"693",517570.036618972,"Government Point",1.49427465537211,30,"NOEC"
"694",774279.37369946,"Government Point",1.49427465537211,31,"NOEC"
"695",1155722.93866257,"Government Point",1.49427465537211,32,"NOEC"
"696",1726949.31807743,"Government Point",1.49427465537211,33,"NOEC"
"697",2582358.07986409,"Government Point",1.49427465537211,34,"NOEC"
"698",3857183.61365238,"Government Point",1.49427465537211,35,"NOEC"
"699",5762760.08751234,"Government Point",1.49427465537211,36,"NOEC"
"700",8614374.58440099,"Government Point",1.49427465537211,37,"NOEC"
"701",12870844.3210276,"Government Point",1.49427465537211,38,"NOEC"
"702",19229857.2655604,"Government Point",1.49427465537211,39,"NOEC"
"703",28739801.0027551,"Government Point",1.49427465537211,40,"NOEC"
"704",42945186.6549301,"Government Point",1.49427465537211,41,"NOEC"
"705",64166309.3102679,"Government Point",1.49427465537211,42,"NOEC"
"706",95889452.5400247,"Government Point",1.49427465537211,43,"NOEC"
"707",143289438.223388,"Government Point",1.49427465537211,44,"NOEC"
"708",214104657.297105,"Government Point",1.49427465537211,45,"NOEC"
"709",319941161.119098,"Government Point",1.49427465537211,46,"NOEC"
"710",478094458.327835,"Government Point",1.49427465537211,47,"NOEC"
"711",714393871.810801,"Government Point",1.49427465537211,48,"NOEC"
"712",1067515271.95109,"Government Point",1.49427465537211,49,"NOEC"
"713",1595199251.16297,"Government Point",1.49427465537211,50,"NOEC"
"714",2383665811.28139,"Government Point",1.49427465537211,51,"NOEC"
